<?xml version="1.0"?>
<!DOCTYPE hibernate-mapping PUBLIC "-//Hibernate/Hibernate Mapping DTD 3.0//EN"
"http://hibernate.sourceforge.net/hibernate-mapping-3.0.dtd">
<!-- Generated 25 Mar, 2019 5:53:02 PM by Hibernate Tools 3.5.0.Final -->
<hibernate-mapping>
    <class name="project2.em" table="EM">
        <id name="id" type="int">
            <column name="ID" />
            <generator class="assigned" />
        </id>
        <property name="name" type="java.lang.String">
            <column name="NAME" />
        </property>
        <property name="gender" type="java.lang.String">
            <column name="GENDER" />
        </property>
        <property name="city" type="java.lang.String">
            <column name="CITY" />
        </property>
        <property name="blood" type="java.lang.String">
            <column name="BLOOD" />
        </property>
        <property name="mark" type="int">
            <column name="MARK" />
        </property>
    </class>
</hibernate-mapping>
